,precision,recall,f1-score,support
Mendukung,1.0,0.05357142857142857,0.10169491525423728,168.0
Netral,0.6568627450980392,1.0,0.7928994082840237,402.0
Sangat Mendukung,0.0,0.0,0.0,15.0
Sangat Tidak Mendukung,0.0,0.0,0.0,5.0
Tidak Mendukung,0.0,0.0,0.0,31.0
accuracy,0.6618357487922706,0.6618357487922706,0.6618357487922706,0.6618357487922706
macro avg,0.33137254901960783,0.21071428571428572,0.1789188647076522,621.0
weighted avg,0.6957468977929336,0.6618357487922706,0.5407895457212389,621.0
